Workbook

Sheet Лист1
A1: Дата | B1: Территория | C1: Товарооборот, шт | D1: Товарооборот, руб | E1: Количество складов | F1: Количество заказов | G1: Количество клиентов | H1: Товарооборот на склад | I1: Неделя
A2: 43982 | B2: Самара | C2: 7944 | D2: 623971.5 | E2: {=_xlfn.XLOOKUP(1,(Лист2!$A$2:$A$505=Лист1!A2)*(Лист2!$B$2:$B$505=Лист1!B2),Лист2!$C$2:$C$505)} -> 15 | F2: {=_xlfn.XLOOKUP(1,(Лист2!$A$2:$A$505=Лист1!A2)*(Лист2!$B$2:$B$505=Лист1!B2),Лист2!$D$2:$D$505)} -> 441 | G2: {=_xlfn.XLOOKUP(1,(Лист2!$A$2:$A$505=Лист1!A2)*(Лист2!$B$2:$B$505=Лист1!B2),Лист2!$E$2:$E$505)} -> 368 | H2: =D2/E2 -> 41598.1 | I2: =WEEKNUM(A2, 2) -> 22
A3: 43981 | B3: Самара | C3: 10029 | D3: 787101 | E3: {=_xlfn.XLOOKUP(1,(Лист2!$A$2:$A$505=Лист1!A3)*(Лист2!$B$2:$B$505=Лист1!B3),Лист2!$C$2:$C$505)} -> 15 | F3: {=_xlfn.XLOOKUP(1,(Лист2!$A$2:$A$505=Лист1!A3)*(Лист2!$B$2:$B$505=Лист1!B3),Лист2!$D$2:$D$505)} -> 490 | G3: {=_xlfn.XLOOKUP(1,(Лист2!$A$2:$A$505=Лист1!A3)*(Лист2!$B$2:$B$505=Лист1!B3),Лист2!$E$2:$E$505)} -> 409 | H3: =D3/E3 -> 52473.4 | I3: =WEEKNUM(A3, 2) -> 22
A4: 43979 | B4: Самара | C4: 8536.5 | D4: 643944 | E4: {=_xlfn.XLOOKUP(1,(Лист2!$A$2:$A$505=Лист1!A4)*(Лист2!$B$2:$B$505=Лист1!B4),Лист2!$C$2:$C$505)} -> 15 | F4: {=_xlfn.XLOOKUP(1,(Лист2!$A$2:$A$505=Лист1!A4)*(Лист2!$B$2:$B$505=Лист1!B4),Лист2!$D$2:$D$505)} -> 464 | G4: {=_xlfn.XLOOKUP(1,(Лист2!$A$2:$A$505=Лист1!A4)*(Лист2!$B$2:$B$505=Лист1!B4),Лист2!$E$2:$E$505)} -> 390 | H4: =D4/E4 -> 42929.6 | I4: =WEEKNUM(A4, 2) -> 22
A5: 43967 | B5: Кемерово | C5: 38947.5 | D5: 3395892 | E5: {=_xlfn.XLOOKUP(1,(Лист2!$A$2:$A$505=Лист1!A5)*(Лист2!$B$2:$B$505=Лист1!B5),Лист2!$C$2:$C$505)} -> 21 | F5: {=_xlfn.XLOOKUP(1,(Лист2!$A$2:$A$505=Лист1!A5)*(Лист2!$B$2:$B$505=Лист1!B5),Лист2!$D$2:$D$505)} -> 2145 | G5: {=_xlfn.XLOOKUP(1,(Лист2!$A$2:$A$505=Лист1!A5)*(Лист2!$B$2:$B$505=Лист1!B5),Лист2!$E$2:$E$505)} -> 1947 | H5: =D5/E5 -> 161709.14 | I5: =WEEKNUM(A5, 2) -> 20
A6: 43970 | B6: Кемерово | C6: 31842 | D6: 2771116.5 | E6: {=_xlfn.XLOOKUP(1,(Лист2!$A$2:$A$505=Лист1!A6)*(Лист2!$B$2:$B$505=Лист1!B6),Лист2!$C$2:$C$505)} -> 21 | F6: {=_xlfn.XLOOKUP(1,(Лист2!$A$2:$A$505=Лист1!A6)*(Лист2!$B$2:$B$505=Лист1!B6),Лист2!$D$2:$D$505)} -> 1860 | G6: {=_xlfn.XLOOKUP(1,(Лист2!$A$2:$A$505=Лист1!A6)*(Лист2!$B$2:$B$505=Лист1!B6),Лист2!$E$2:$E$505)} -> 1704 | H6: =D6/E6 -> 131957.93 | I6: =WEEKNUM(A6, 2) -> 21
A7: 43968 | B7: Кемерово | C7: 32023.5 | D7: 2882458.5 | E7: {=_xlfn.XLOOKUP(1,(Лист2!$A$2:$A$505=Лист1!A7)*(Лист2!$B$2:$B$505=Лист1!B7),Лист2!$C$2:$C$505)} -> 21 | F7: {=_xlfn.XLOOKUP(1,(Лист2!$A$2:$A$505=Лист1!A7)*(Лист2!$B$2:$B$505=Лист1!B7),Лист2!$D$2:$D$505)} -> 1874 | G7: {=_xlfn.XLOOKUP(1,(Лист2!$A$2:$A$505=Лист1!A7)*(Лист2!$B$2:$B$505=Лист1!B7),Лист2!$E$2:$E$505)} -> 1705 | H7: =D7/E7 -> 137259.93 | I7: =WEEKNUM(A7, 2) -> 20
A8: 43960 | B8: Кемерово | C8: 31147.5 | D8: 2831019 | E8: {=_xlfn.XLOOKUP(1,(Лист2!$A$2:$A$505=Лист1!A8)*(Лист2!$B$2:$B$505=Лист1!B8),Лист2!$C$2:$C$505)} -> 21 | F8: {=_xlfn.XLOOKUP(1,(Лист2!$A$2:$A$505=Лист1!A8)*(Лист2!$B$2:$B$505=Лист1!B8),Лист2!$D$2:$D$505)} -> 1735 | G8: {=_xlfn.XLOOKUP(1,(Лист2!$A$2:$A$505=Лист1!A8)*(Лист2!$B$2:$B$505=Лист1!B8),Лист2!$E$2:$E$505)} -> 1568 | H8: =D8/E8 -> 134810.43 | I8: =WEEKNUM(A8, 2) -> 19
A9: 43955 | B9: Кемерово | C9: 25566 | D9: 2372310 | E9: {=_xlfn.XLOOKUP(1,(Лист2!$A$2:$A$505=Лист1!A9)*(Лист2!$B$2:$B$505=Лист1!B9),Лист2!$C$2:$C$505)} -> 20 | F9: {=_xlfn.XLOOKUP(1,(Лист2!$A$2:$A$505=Лист1!A9)*(Лист2!$B$2:$B$505=Лист1!B9),Лист2!$D$2:$D$505)} -> 1519 | G9: {=_xlfn.XLOOKUP(1,(Лист2!$A$2:$A$505=Лист1!A9)*(Лист2!$B$2:$B$505=Лист1!B9),Лист2!$E$2:$E$505)} -> 1372 | H9: =D9/E9 -> 118615.5 | I9: =WEEKNUM(A9, 2) -> 19
A10: 43950 | B10: Кемерово | C10: 29319 | D10: 2623480.5 | E10: {=_xlfn.XLOOKUP(1,(Лист2!$A$2:$A$505=Лист1!A10)*(Лист2!$B$2:$B$505=Лист1!B10),Лист2!$C$2:$C$505)} -> 18 | F10: {=_xlfn.XLOOKUP(1,(Лист2!$A$2:$A$505=Лист1!A10)*(Лист2!$B$2:$B$505=Лист1!B10),Лист2!$D$2:$D$505)} -> 1684 | G10: {=_xlfn.XLOOKUP(1,(Лист2!$A$2:$A$505=Лист1!A10)*(Лист2!$B$2:$B$505=Лист1!B10),Лист2!$E$2:$E$505)} -> 1528 | H10: =D10/E10 -> 145748.92 | I10: =WEEKNUM(A10, 2) -> 18
A11: 43953 | B11: Кемерово | C11: 29031 | D11: 2711247 | E11: {=_xlfn.XLOOKUP(1,(Лист2!$A$2:$A$505=Лист1!A11)*(Лист2!$B$2:$B$505=Лист1!B11),Лист2!$C$2:$C$505)} -> 18 | F11: {=_xlfn.XLOOKUP(1,(Лист2!$A$2:$A$505=Лист1!A11)*(Лист2!$B$2:$B$505=Лист1!B11),Лист2!$D$2:$D$505)} -> 1708 | G11: {=_xlfn.XLOOKUP(1,(Лист2!$A$2:$A$505=Лист1!A11)*(Лист2!$B$2:$B$505=Лист1!B11),Лист2!$E$2:$E$505)} -> 1534 | H11: =D11/E11 -> 150624.83 | I11: =WEEKNUM(A11, 2) -> 18
A12: 43977 | B12: Кемерово | C12: 33423 | D12: 2970330 | E12: {=_xlfn.XLOOKUP(1,(Лист2!$A$2:$A$505=Лист1!A12)*(Лист2!$B$2:$B$505=Лист1!B12),Лист2!$C$2:$C$505)} -> 20 | F12: {=_xlfn.XLOOKUP(1,(Лист2!$A$2:$A$505=Лист1!A12)*(Лист2!$B$2:$B$505=Лист1!B12),Лист2!$D$2:$D$505)} -> 2044 | G12: {=_xlfn.XLOOKUP(1,(Лист2!$A$2:$A$505=Лист1!A12)*(Лист2!$B$2:$B$505=Лист1!B12),Лист2!$E$2:$E$505)} -> 1863 | H12: =D12/E12 -> 148516.5 | I12: =WEEKNUM(A12, 2) -> 22
A13: 43952 | B13: Кемерово | C13: 32487 | D13: 3031254 | E13: {=_xlfn.XLOOKUP(1,(Лист2!$A$2:$A$505=Лист1!A13)*(Лист2!$B$2:$B$505=Лист1!B13),Лист2!$C$2:$C$505)} -> 18 | F13: {=_xlfn.XLOOKUP(1,(Лист2!$A$2:$A$505=Лист1!A13)*(Лист2!$B$2:$B$505=Лист1!B13),Лист2!$D$2:$D$505)} -> 1826 | G13: {=_xlfn.XLOOKUP(1,(Лист2!$A$2:$A$505=Лист1!A13)*(Лист2!$B$2:$B$505=Лист1!B13),Лист2!$E$2:$E$505)} -> 1633 | H13: =D13/E13 -> 168403 | I13: =WEEKNUM(A13, 2) -> 18
... A505: 43983 | B505: Новосибирск | C505: 14238 | D505: 1293219 | E505: {=_xlfn.XLOOKUP(1,(Лист2!$A$2:$A$505=Лист1!A505)*(Лист2!$B$2:$B$505=Лист1!B505),Лист2!$C$2:$C$505)} -> 18 | F505: {=_xlfn.XLOOKUP(1,(Лист2!$A$2:$A$505=Лист1!A505)*(Лист2!$B$2:$B$505=Лист1!B505),Лист2!$D$2:$D$505)} -> 923 | G505: {=_xlfn.XLOOKUP(1,(Лист2!$A$2:$A$505=Лист1!A505)*(Лист2!$B$2:$B$505=Лист1!B505),Лист2!$E$2:$E$505)} -> 824 | H505: =D505/E505 -> 71845.5 | I505: =WEEKNUM(A505, 2) -> 23

Sheet Лист2
A1: Дата | B1: Территория | C1: Количество складов | D1: Количество заказов | E1: Количество клиентов
A2: 43949 | B2: Волгоград | C2: 36 | D2: 4923 | E2: 4560
A3: 43949 | B3: Екатеринбург | C3: 31 | D3: 5465 | E3: 5096
A4: 43949 | B4: Казань | C4: 19 | D4: 1846 | E4: 1681
A5: 43949 | B5: Кемерово | C5: 18 | D5: 1539 | E5: 1404
A6: 43949 | B6: Краснодар | C6: 18 | D6: 1505 | E6: 1368
A7: 43949 | B7: Москва Восток | C7: 54 | D7: 12306 | E7: 11532
A8: 43949 | B8: Москва Запад | C8: 59 | D8: 12943 | E8: 12072
A9: 43949 | B9: Нижний Новгород | C9: 17 | D9: 1439 | E9: 1265
A10: 43949 | B10: Новосибирск | C10: 15 | D10: 636 | E10: 547
A11: 43949 | B11: Пермь | C11: 15 | D11: 780 | E11: 690
A12: 43949 | B12: Санкт-Петербург Север | C12: 125 | D12: 20914 | E12: 19479
A13: 43949 | B13: Санкт-Петербург Юг | C13: 128 | D13: 16450 | E13: 15320
... A505: 43983 | B505: Уфа | C505: 6 | D505: 237 | E505: 175

Sheet Сводная таблица
A1: Топ-3 территорий по доле в общем товарообороте | C1: Топ-3 территорий по товарообороту на склад за последнюю неделю
C2: Неделя | D2: 23
A4: Row Labels | B4: Sum of Товарооборот, руб | C4: Row Labels | D4: Sum of Товарооборот на склад
A5: Санкт-Петербург Север | B5: 0.27823941 | C5: Москва Восток | D5: 350262.86
A6: Санкт-Петербург Юг | B6: 0.20869355 | C6: Москва Запад | D6: 329921.57
A7: Москва Запад | B7: 0.15600381 | C7: Санкт-Петербург Север | D7: 302909.27
A8: Москва Восток | B8: 0.14874466 | C8: Екатеринбург | D8: 220320.05
A9: Екатеринбург | B9: 0.049051065 | C9: Санкт-Петербург Юг | D9: 216953.85
A10: Волгоград | B10: 0.043930743 | C10: Казань | D10: 168054.39
A11: Казань | B11: 0.024299498 | C11: Волгоград | D11: 156764.59
A12: Кемерово | B12: 0.020488951 | C12: Нижний Новгород | D12: 150675.6
A13: Нижний Новгород | B13: 0.019263478 | C13: Кемерово | D13: 140239.79
A14: Краснодар | B14: 0.017302774 | C14: Краснодар | D14: 120903.21
A15: Пермь | B15: 0.0098346447 | C15: Тюмень | D15: 114635.36
A16: Новосибирск | B16: 0.0082691777 | C16: Тольятти | D16: 100774.2
... A23: Grand Total | B23: 1 | C23: Grand Total | D23: 2786041.4

Sheet Диаграмма
A3: Row Labels | B3: Общий товарооборот, руб | C3: Средний товарооборот на склад, руб | D3: Средневзвешенный ТО на склад, руб
A4: 18 | B4: 836803032 | C4: 183538.9 | D4: 249494.05
A5: 19 | B5: 9.8391541e+08 | C5: 181743.54 | D5: 247401.41
A6: 20 | B6: 9.4726301e+08 | C6: 178616.65 | D6: 237171.51
A7: 21 | B7: 1.0026919e+09 | C7: 191353.01 | D7: 249425.84
A8: 22 | B8: 1.0556535e+09 | C8: 185990.79 | D8: 254313.06
A9: 23 | B9: 1.3603238e+08 | C9: 154780.08 | D9: 221190.86
A10: Grand Total | B10: 4.9623592e+09 | C10: 183260.14 | D10: 246748.51
